Destino,Origem,Intermerdiario,Final,Distancia,Emissão de CO2
Alagoas,Aeroporto Internacional de Taiwan Taoyuan,*,Aeroporto Internacional de Maceió,17006,366.4
Alagoas,Aeroporto de Gatwick (Londres),Aeroporto Internacional de Guarulhos,Aeroporto Internacional de Maceió,11382,245.23
Alagoas,Aeroporto de Barcelona-El Prat (Espanha),Aeroporto Internacional do Recife,Aeroporto Internacional de Maceió,6786,146.21
Alagoas,Aeroporto de Frankfurt,Aeroporto Internacional do Recife,Aeroporto Internacional de Maceió,7829,168.68
Alagoas,Aeroporto Internacional de Hong Kong,Aeroporto Internacional de Guarulhos,Aeroporto Internacional de Maceió,19979,430.46
Alagoas,Aeroporto Internacional de Pequim Capital,Aeroporto Internacional de Salvador,Aeroporto Internacional de Maceió,16643,358.58
Alagoas,Aeroporto de Heathrow (Londres),Aeroporto Internacional de Guarulhos,Aeroporto Internacional de Maceió,11397,245.55
Alagoas,Aeroporto Adolfo Suárez Madrid-Barajas,Aeroporto Internacional do Recife,Aeroporto Internacional de Maceió,6407,138.04
Alagoas,Aeroporto Internacional de Xangai Pudong,Aeroporto Internacional de Salvador,Aeroporto Internacional de Maceió,17663,380.56
Amapá,Aeroporto Internacional de Pequim Capital,*,Aeroporto Internacional de Macapá,15391,331.61
Amapá,Aeroporto Internacional de Kansai (Osaka),*,Aeroporto Internacional de Macapá,16132,347.57
Amapá,Aeroporto Internacional de Taiwan Taoyuan,*,Aeroporto Internacional de Macapá,17106,368.56
Amapá,Aeroporto Internacional de Narita (Tóquio),*,Aeroporto Internacional de Macapá,15869,341.9
Amapá,Aeroporto de Praga,*,Aeroporto Internacional de Macapá,8273,178.25
Amapá,Aeroporto Internacional Don Mueang,*,Aeroporto Internacional de Macapá,16548,356.53
Amapá,Aeroporto Internacional de Xangai Pudong,*,Aeroporto Internacional de Macapá,16473,354.92
Amapá,Aeroporto Internacional de Haneda (Tóquio),*,Aeroporto Internacional de Macapá,15908,342.75
Amapá,Aeroporto de Toulouse-Blagnac (França),*,Aeroporto Internacional de Macapá,7087,152.69
Amapá,Aeroporto Internacional de Suvarnabhumi,*,Aeroporto Internacional de Macapá,16572,357.05
Amazonas,Aeroporto Internacional de Haneda (Tóquio),*,Aeroporto Internacional de Tabatinga,15553,335.1
Amazonas,Aeroporto de Barcelona-El Prat (Espanha),*,Aeroporto Internacional de Manaus,7955,171.39
Amazonas,Aeroporto de Frankfurt,*,Aeroporto Internacional de Manaus,8763,188.8
Amazonas,Aeroporto Internacional de Viena,*,Aeroporto Internacional de Manaus,9271,199.75
Amazonas,Aeroporto de Tallinn,*,Aeroporto Internacional de Manaus,10004,215.54
Amazonas,Aeroporto de Praga,*,Aeroporto Internacional de Manaus,9156,197.27
Amazonas,Aeroporto Internacional de Kuala Lumpur (Sepang),*,Aeroporto Internacional de Manaus,18008,387.99
Amazonas,Aeroporto Internacional de Kansai (Osaka),*,Aeroporto Internacional de Tabatinga,15914,342.87
Amazonas,Aeroporto de Zurique,*,Aeroporto Internacional de Manaus,8672,186.84
Amazonas,Aeroporto de Roma-Fiumicino,*,Aeroporto Internacional de Manaus,8780,189.17
Amazonas,Aeroporto Internacional Don Mueang,*,Aeroporto Internacional de Manaus,17585,378.88
Amazonas,Aeroporto de Schiphol (Amsterdã),*,Aeroporto Internacional de Manaus,8601,185.31
Amazonas,Aeroporto Internacional de Suvarnabhumi,*,Aeroporto Internacional de Manaus,17610,379.42
Amazonas,Aeroporto de Dublin,*,Aeroporto Internacional de Manaus,7996,172.28
Amazonas,Aeroporto Internacional de Noi Bai,*,Aeroporto Internacional de Manaus,17487,376.77
Amazonas,Aeroporto de Milão-Malpensa,*,Aeroporto Internacional de Manaus,8623,185.79
Amazonas,Aeroporto Adolfo Suárez Madrid-Barajas,*,Aeroporto Internacional de Manaus,7484,161.25
Amazonas,Aeroporto de Toulouse-Blagnac (França),*,Aeroporto Internacional de Manaus,7999,172.34
Amazonas,Aeroporto Internacional de Vilnius,*,Aeroporto Internacional de Manaus,9981,215.05
Amazonas,Aeroporto Internacional de Hong Kong,*,Aeroporto Internacional de Manaus,17777,383.01
Amazonas,Aeroporto de Bruxelas,*,Aeroporto Internacional de Manaus,8524,183.65
Amazonas,Aeroporto Internacional de Taiwan Taoyuan,*,Aeroporto Internacional de Manaus,17561,378.36
Amazonas,Aeroporto Internacional de Penang (Penang),*,Aeroporto Internacional de Manaus,17839,384.35
Amazonas,Aeroporto Internacional de Tan Son Nhat,*,Aeroporto Internacional de Manaus,18326,394.84
Amazonas,Aeroporto de Sófia,*,Aeroporto Internacional de Manaus,9703,209.06
Amazonas,Aeroporto Internacional de Pyongyang Sunan,*,Aeroporto Internacional de Manaus,15955,343.76
Amazonas,Aeroporto Internacional de Budapeste Ferenc Liszt,*,Aeroporto Internacional de Manaus,9454,203.69
Amazonas,Aeroporto Internacional de Narita (Tóquio),*,Aeroporto Internacional de Tabatinga,15498,333.91
Amazonas,Aeroporto de Estocolmo-Arlanda,*,Aeroporto Internacional de Manaus,9623,207.33
Amazonas,Aeroporto Internacional Ninoy Aquino,*,Aeroporto Internacional de Manaus,18730,403.55
Amazonas,Aeroporto Internacional Indira Gandhi,*,Aeroporto Internacional de Manaus,14684,316.37
Amazonas,Aeroporto Internacional de Changi,*,Aeroporto Internacional de Manaus,18252,393.25
Amazonas,Aeroporto de Heathrow (Londres),*,Aeroporto Internacional de Manaus,8235,177.43
Amazonas,Aeroporto Internacional de Pequim Capital,*,Aeroporto Internacional de Manaus,15888,342.31
Amazonas,Aeroporto de Helsinque,*,Aeroporto Internacional de Manaus,10022,215.93
Amazonas,Aeroporto Internacional de Incheon,*,Aeroporto Internacional de Manaus,16135,347.64
Amazonas,Aeroporto de Gatwick (Londres),*,Aeroporto Internacional de Manaus,8235,177.43
Amazonas,Aeroporto de Varsóvia Chopin,*,Aeroporto Internacional de Manaus,9661,208.15
Amazonas,Aeroporto Internacional de Xangai Pudong,*,Aeroporto Internacional de Manaus,16887,363.84
Amazonas,Aeroporto Internacional Ngurah Rai (Bali),*,Aeroporto Internacional de Manaus,18601,400.77
Amazonas,Aeroporto Internacional Soekarno-Hatta (Jacarta),*,Aeroporto Internacional de Manaus,18234,392.86
Distrito Federal,Aeroporto Internacional de Kansai (Osaka),*,Aeroporto Internacional de Brasília,17923,386.16
Distrito Federal,Aeroporto Internacional de Hong Kong,*,Aeroporto Internacional de Brasília,17993,387.67
Distrito Federal,Aeroporto de Estocolmo-Arlanda,Aeroporto Internacional de Guarulhos,Aeroporto Internacional de Brasília,11751,253.18
Distrito Federal,Aeroporto Internacional de Taiwan Taoyuan,*,Aeroporto Internacional de Brasília,18498,398.55
Distrito Federal,Aeroporto Internacional de Penang (Penang),*,Aeroporto Internacional de Brasília,16369,352.68
Distrito Federal,Aeroporto Internacional Indira Gandhi,*,Aeroporto Internacional de Brasília,14242,306.85
Distrito Federal,Aeroporto Internacional de Viena,Aeroporto Internacional de Guarulhos,Aeroporto Internacional de Brasília,10956,236.05
Distrito Federal,Aeroporto Internacional de Pequim Capital,*,Aeroporto Internacional de Brasília,16936,364.89
Distrito Federal,Aeroporto de Helsinque,Aeroporto Internacional de Guarulhos,Aeroporto Internacional de Brasília,12128,261.3
Distrito Federal,Aeroporto Internacional de Budapeste Ferenc Liszt,*,Aeroporto Internacional de Brasília,9670,208.34
Distrito Federal,Aeroporto Internacional de Xangai Pudong,*,Aeroporto Internacional de Brasília,18024,388.34
Distrito Federal,Aeroporto de Schiphol (Amsterdã),*,Aeroporto Internacional de Brasília,9094,195.93
Distrito Federal,Aeroporto Internacional Ninoy Aquino,*,Aeroporto Internacional de Brasília,18838,405.87
Distrito Federal,Aeroporto de Barcelona-El Prat (Espanha),*,Aeroporto Internacional de Brasília,8156,175.72
Distrito Federal,Aeroporto de Frankfurt,*,Aeroporto Internacional de Brasília,9150,197.14
Distrito Federal,Aeroporto Internacional de Incheon,Aeroporto Internacional de Viracopos,Aeroporto Internacional de Brasília,19144,412.47
Distrito Federal,Aeroporto Internacional de Changi,*,Aeroporto Internacional de Brasília,16555,356.68
Distrito Federal,Aeroporto de Praga,*,Aeroporto Internacional de Brasília,9494,204.55
Distrito Federal,Aeroporto Internacional de Kuala Lumpur (Sepang),*,Aeroporto Internacional de Brasília,16401,353.37
Distrito Federal,Aeroporto de Varsóvia Chopin,*,Aeroporto Internacional de Brasília,10016,215.8
Distrito Federal,Aeroporto de Dublin,*,Aeroporto Internacional de Brasília,8648,186.33
Distrito Federal,Aeroporto Francisco Sá Carneiro (Porto),Aeroporto Internacional do Rio de Janeiro,Aeroporto Internacional de Brasília,8851,190.7
Distrito Federal,Aeroporto de Zurique,Aeroporto Internacional do Rio de Janeiro,Aeroporto Internacional de Brasília,10260,221.06
Distrito Federal,Aeroporto de Heathrow (Londres),*,Aeroporto Internacional de Brasília,8763,188.8
Distrito Federal,Aeroporto Internacional de Narita (Tóquio),*,Aeroporto Internacional de Brasília,17653,380.34
Distrito Federal,Aeroporto Internacional de Haneda (Tóquio),*,Aeroporto Internacional de Brasília,17695,381.25
Distrito Federal,Aeroporto de Gatwick (Londres),*,Aeroporto Internacional de Brasília,8751,188.54
Distrito Federal,Aeroporto Humberto Delgado (Lisboa),Aeroporto Internacional do Rio de Janeiro,Aeroporto Internacional de Brasília,8600,185.29
Distrito Federal,Aeroporto de Toulouse-Blagnac (França),*,Aeroporto Internacional de Brasília,8280,178.4
Distrito Federal,Aeroporto Adolfo Suárez Madrid-Barajas,*,Aeroporto Internacional de Brasília,7742,166.8
Espírito Santo,Aeroporto Internacional de Suvarnabhumi,*,Aeroporto Internacional de Vitória,15830,341.06
Espírito Santo,Aeroporto de Zurique,*,Aeroporto Internacional de Vitória,8947,192.77
Espírito Santo,Aeroporto de Milão-Malpensa,*,Aeroporto Internacional de Vitória,8815,189.92
Espírito Santo,Aeroporto Internacional de Narita (Tóquio),*,Aeroporto Internacional de Vitória,18284,393.94
Espírito Santo,Aeroporto Internacional Ngurah Rai (Bali),*,Aeroporto Internacional de Vitória,15832,341.11
Espírito Santo,Aeroporto Internacional de Haneda (Tóquio),*,Aeroporto Internacional de Vitória,18309,394.48
Espírito Santo,Aeroporto Adolfo Suárez Madrid-Barajas,*,Aeroporto Internacional de Vitória,7726,166.46
Espírito Santo,Aeroporto de Toulouse-Blagnac (França),*,Aeroporto Internacional de Vitória,8255,177.86
Espírito Santo,Aeroporto de Bruxelas,*,Aeroporto Internacional de Vitória,9017,194.28
Espírito Santo,Aeroporto Internacional de Kansai (Osaka),*,Aeroporto Internacional de Vitória,18374,395.88
Espírito Santo,Aeroporto Internacional de Taiwan Taoyuan,*,Aeroporto Internacional de Vitória,18059,389.09
Espírito Santo,Aeroporto de Istambul,Aeroporto Internacional de Viracopos,Aeroporto Internacional de Vitória,11474,247.21
Espírito Santo,Aeroporto de Varsóvia Chopin,*,Aeroporto Internacional de Vitória,9968,214.77
Espírito Santo,Aeroporto Internacional de Hong Kong,*,Aeroporto Internacional de Vitória,17349,373.79
Espírito Santo,Aeroporto Internacional Soekarno-Hatta (Jacarta),*,Aeroporto Internacional de Vitória,15376,331.28
Espírito Santo,Aeroporto Internacional de Penang (Penang),*,Aeroporto Internacional de Vitória,15458,333.05
Espírito Santo,Aeroporto Internacional de Pyongyang Sunan,*,Aeroporto Internacional de Vitória,17515,377.37
Espírito Santo,Aeroporto Internacional de Pequim Capital,*,Aeroporto Internacional de Vitória,16907,364.27
Espírito Santo,Aeroporto Internacional de Xangai Pudong,*,Aeroporto Internacional de Vitória,17863,384.87
Espírito Santo,Aeroporto Internacional de Nursultan Nazarbayev,Aeroporto Internacional de Viracopos,Aeroporto Internacional de Vitória,14869,320.36
Espírito Santo,Aeroporto de Schiphol (Amsterdã),*,Aeroporto Internacional de Vitória,9146,197.05
Espírito Santo,Aeroporto de Barcelona-El Prat (Espanha),*,Aeroporto Internacional de Vitória,8096,174.43
Espírito Santo,Aeroporto Internacional de Changi,*,Aeroporto Internacional de Vitória,15617,336.48
Espírito Santo,Aeroporto de Frankfurt,*,Aeroporto Internacional de Vitória,9148,197.1
Espírito Santo,Aeroporto Internacional de Viena,*,Aeroporto Internacional de Vitória,9448,203.56
Espírito Santo,Aeroporto de Praga,*,Aeroporto Internacional de Vitória,9455,203.71
Espírito Santo,Aeroporto Internacional de Incheon,*,Aeroporto Internacional de Vitória,17713,381.63
Espírito Santo,Aeroporto Internacional de Kuala Lumpur (Sepang),*,Aeroporto Internacional de Vitória,15473,333.37
Espírito Santo,Aeroporto de Roma-Fiumicino,*,Aeroporto Internacional de Vitória,8740,188.31
Espírito Santo,Aeroporto Internacional Don Mueang,*,Aeroporto Internacional de Vitória,15822,340.89
Espírito Santo,Aeroporto de Dublin,*,Aeroporto Internacional de Vitória,8795,189.49
Espírito Santo,Aeroporto Internacional Indira Gandhi,*,Aeroporto Internacional de Vitória,13682,294.78
Espírito Santo,Aeroporto Humberto Delgado (Lisboa),Aeroporto Internacional de Guarulhos,Aeroporto Internacional de Vitória,8639,186.13
Espírito Santo,Aeroporto de Oslo-Gardermoen,*,Aeroporto Internacional de Vitória,10046,216.45
Espírito Santo,Aeroporto Internacional Ninoy Aquino,*,Aeroporto Internacional de Vitória,17948,386.7
Espírito Santo,Aeroporto Francisco Sá Carneiro (Porto),Aeroporto Internacional de Guarulhos,Aeroporto Internacional de Vitória,8884,191.41
Espírito Santo,Aeroporto de Heathrow (Londres),*,Aeroporto Internacional de Vitória,8844,190.55
Espírito Santo,Aeroporto Internacional de Budapeste Ferenc Liszt,*,Aeroporto Internacional de Vitória,9565,206.08
Espírito Santo,Aeroporto de Helsinque,*,Aeroporto Internacional de Vitória,10668,229.85
Espírito Santo,Aeroporto de Gatwick (Londres),*,Aeroporto Internacional de Vitória,8827,190.18
Espírito Santo,Aeroporto de Estocolmo-Arlanda,Aeroporto Internacional do Rio de Janeiro,Aeroporto Internacional de Vitória,11104,239.24
Goiás,Aeroporto Internacional de Hong Kong,*,Aeroporto Internacional de Brasília,17993,387.67
Goiás,Aeroporto Internacional de Penang (Penang),Aeroporto Internacional de Viracopos,Aeroporto Internacional de Brasília,16889,363.88
Goiás,Aeroporto Internacional de Taiwan Taoyuan,*,Aeroporto Internacional de Brasília,18498,398.55
Goiás,Aeroporto Internacional de Budapeste Ferenc Liszt,Aeroporto Internacional de Viracopos,Aeroporto Internacional de Brasília,11109,239.35
Goiás,Aeroporto de Roma-Fiumicino,Aeroporto Internacional de Belo Horizonte,Aeroporto Internacional de Brasília,9523,205.18
Goiás,Aeroporto Internacional de Viena,Aeroporto Internacional de Guarulhos,Aeroporto Internacional de Brasília,10956,236.05
Goiás,Aeroporto Internacional de Pequim Capital,*,Aeroporto Internacional de Brasília,16936,364.89
Goiás,Aeroporto Internacional de Xangai Pudong,*,Aeroporto Internacional de Brasília,18024,388.34
Goiás,Aeroporto de Oslo-Gardermoen,Aeroporto Internacional de Belo Horizonte,Aeroporto Internacional de Brasília,10753,231.68
Goiás,Aeroporto de Milão-Malpensa,Aeroporto Internacional de Belo Horizonte,Aeroporto Internacional de Brasília,9575,206.3
Goiás,Aeroporto Internacional de Narita (Tóquio),Aeroporto Internacional de Belo Horizonte,Aeroporto Internacional de Brasília,18829,405.68
Goiás,Aeroporto Internacional de Kuala Lumpur (Sepang),Aeroporto Internacional de Viracopos,Aeroporto Internacional de Brasília,16853,363.11
Goiás,Aeroporto de Frankfurt,*,Aeroporto Internacional de Brasília,9150,197.14
Goiás,Aeroporto Internacional de Haneda (Tóquio),Aeroporto Internacional de Belo Horizonte,Aeroporto Internacional de Brasília,18862,406.39
Goiás,Aeroporto Internacional de Changi,*,Aeroporto Internacional de Brasília,16555,356.68
Goiás,Aeroporto Francisco Sá Carneiro (Porto),*,Aeroporto Internacional de Brasília,7505,161.7
Goiás,Aeroporto de Dublin,Aeroporto Internacional de Viracopos,Aeroporto Internacional de Brasília,10197,219.7
Goiás,Aeroporto Internacional Don Mueang,*,Aeroporto Internacional de Brasília,16645,358.62
Goiás,Aeroporto Internacional de Incheon,*,Aeroporto Internacional de Brasília,17549,378.1
Goiás,Aeroporto de Varsóvia Chopin,*,Aeroporto Internacional de Brasília,10016,215.8
Goiás,Aeroporto Internacional de Kansai (Osaka),Aeroporto Internacional de Belo Horizonte,Aeroporto Internacional de Brasília,19004,409.45
Goiás,Aeroporto Internacional de Suvarnabhumi,*,Aeroporto Internacional de Brasília,16657,358.88
Goiás,Aeroporto de Heathrow (Londres),*,Aeroporto Internacional de Brasília,8763,188.8
Goiás,Aeroporto Humberto Delgado (Lisboa),*,Aeroporto Internacional de Brasília,7273,156.7
Goiás,Aeroporto de Gatwick (Londres),*,Aeroporto Internacional de Brasília,8751,188.54
Goiás,Aeroporto Internacional Indira Gandhi,Aeroporto Internacional de Guarulhos,Aeroporto Internacional de Brasília,15254,328.65
Goiás,Aeroporto de Toulouse-Blagnac (França),*,Aeroporto Internacional de Brasília,8280,178.4
Mato Grosso,Aeroporto Internacional de Taiwan Taoyuan,Aeroporto Internacional de Guarulhos,Aeroporto Internacional de Várzea Grande,20122,433.54
Mato Grosso,Aeroporto de Varsóvia Chopin,Aeroporto Internacional de Guarulhos,Aeroporto Internacional de Várzea Grande,11968,257.86
Mato Grosso,Aeroporto de Frankfurt,*,Aeroporto Internacional de Várzea Grande,9644,207.78
Mato Grosso,Aeroporto Internacional de Budapeste Ferenc Liszt,*,Aeroporto Internacional de Várzea Grande,10236,220.54
Minas Gerais,Aeroporto Internacional Ninoy Aquino,*,Aeroporto Internacional de Belo Horizonte,18264,393.51
Minas Gerais,Aeroporto de Schiphol (Amsterdã),*,Aeroporto Internacional de Belo Horizonte,9222,198.69
Minas Gerais,Aeroporto Internacional Indira Gandhi,Aeroporto Internacional de Viracopos,Aeroporto Internacional de Belo Horizonte,15155,326.52
Minas Gerais,Aeroporto de Barcelona-El Prat (Espanha),*,Aeroporto Internacional de Belo Horizonte,8205,176.78
Minas Gerais,Aeroporto Internacional de Changi,*,Aeroporto Internacional de Belo Horizonte,15927,343.15
Minas Gerais,Aeroporto Internacional de Viena,*,Aeroporto Internacional de Belo Horizonte,9567,206.13
Minas Gerais,Aeroporto Internacional Don Mueang,*,Aeroporto Internacional de Belo Horizonte,16135,347.64
Minas Gerais,Aeroporto de Zurique,*,Aeroporto Internacional de Belo Horizonte,9051,195.01
Minas Gerais,Aeroporto de Varsóvia Chopin,*,Aeroporto Internacional de Belo Horizonte,10078,217.14
Minas Gerais,Aeroporto de Roma-Fiumicino,*,Aeroporto Internacional de Belo Horizonte,8875,191.22
Minas Gerais,Aeroporto Internacional de Suvarnabhumi,*,Aeroporto Internacional de Belo Horizonte,16144,347.83
Minas Gerais,Aeroporto de Oslo-Gardermoen,*,Aeroporto Internacional de Belo Horizonte,10105,217.72
Minas Gerais,Aeroporto de Heathrow (Londres),*,Aeroporto Internacional de Belo Horizonte,8910,191.97
Minas Gerais,Aeroporto Internacional de Pequim Capital,Aeroporto Internacional de Salvador,Aeroporto Internacional de Belo Horizonte,17039,367.11
Minas Gerais,Aeroporto Nikola Tesla (Belgrado),*,Aeroporto Internacional de Belo Horizonte,9602,206.88
Minas Gerais,Aeroporto de Milão-Malpensa,*,Aeroporto Internacional de Belo Horizonte,8927,192.34
Minas Gerais,Aeroporto Internacional de Narita (Tóquio),*,Aeroporto Internacional de Belo Horizonte,18181,391.72
Minas Gerais,Aeroporto de Gatwick (Londres),*,Aeroporto Internacional de Belo Horizonte,8894,191.63
Minas Gerais,Aeroporto Internacional de Haneda (Tóquio),*,Aeroporto Internacional de Belo Horizonte,18214,392.43
Minas Gerais,Aeroporto Adolfo Suárez Madrid-Barajas,*,Aeroporto Internacional de Belo Horizonte,7821,168.51
Minas Gerais,Aeroporto Internacional de Kansai (Osaka),*,Aeroporto Internacional de Belo Horizonte,18356,395.49
Minas Gerais,Aeroporto Internacional de Hong Kong,*,Aeroporto Internacional de Belo Horizonte,17641,380.08
Minas Gerais,Aeroporto de Helsinque,Aeroporto Internacional do Rio de Janeiro,Aeroporto Internacional de Belo Horizonte,11412,245.88
Minas Gerais,Aeroporto Francisco Sá Carneiro (Porto),Aeroporto Internacional do Rio de Janeiro,Aeroporto Internacional de Belo Horizonte,8292,178.65
Minas Gerais,Aeroporto Internacional Henri Coand? (Bucareste),*,Aeroporto Internacional de Belo Horizonte,9987,215.17
Minas Gerais,Aeroporto Internacional de Taiwan Taoyuan,*,Aeroporto Internacional de Belo Horizonte,18320,394.71
Minas Gerais,Aeroporto de Luxemburgo,*,Aeroporto Internacional de Belo Horizonte,9086,195.76
Minas Gerais,Aeroporto Humberto Delgado (Lisboa),Aeroporto Internacional do Rio de Janeiro,Aeroporto Internacional de Belo Horizonte,8041,173.25
Minas Gerais,Aeroporto Internacional de Budapeste Ferenc Liszt,*,Aeroporto Internacional de Belo Horizonte,9692,208.82
Minas Gerais,Aeroporto Internacional de Xangai Pudong,*,Aeroporto Internacional de Belo Horizonte,18050,388.9
Minas Gerais,Aeroporto de Pulkovo (São Petersburgo),*,Aeroporto Internacional de Belo Horizonte,10987,236.72
Minas Gerais,Aeroporto Internacional Sheremetyevo (Moscou),*,Aeroporto Internacional de Belo Horizonte,11229,241.93
Minas Gerais,Aeroporto de Toulouse-Blagnac (França),*,Aeroporto Internacional de Belo Horizonte,8354,179.99
Minas Gerais,Aeroporto Internacional de Penang (Penang),*,Aeroporto Internacional de Belo Horizonte,15775,339.88
Minas Gerais,Aeroporto de Dublin,*,Aeroporto Internacional de Belo Horizonte,8838,190.42
Minas Gerais,Aeroporto de Frankfurt,*,Aeroporto Internacional de Belo Horizonte,9242,199.12
Minas Gerais,Aeroporto de Bruxelas,*,Aeroporto Internacional de Belo Horizonte,9097,196.0
Minas Gerais,Aeroporto Internacional de Incheon,*,Aeroporto Internacional de Belo Horizonte,17793,383.36
Minas Gerais,Aeroporto Internacional de Noi Bai,Aeroporto Internacional de Guarulhos,Aeroporto Internacional de Belo Horizonte,17709,381.55
Minas Gerais,Aeroporto Internacional de Tan Son Nhat,Aeroporto Internacional de Guarulhos,Aeroporto Internacional de Belo Horizonte,17393,374.74
Minas Gerais,Aeroporto de Praga,*,Aeroporto Internacional de Belo Horizonte,9561,206.0
Minas Gerais,Aeroporto de Bratislava,*,Aeroporto Internacional de Belo Horizonte,9611,207.07
Minas Gerais,Aeroporto Internacional de Kuala Lumpur (Sepang),*,Aeroporto Internacional de Belo Horizonte,15786,340.12
Minas Gerais,Aeroporto de Estocolmo-Arlanda,*,Aeroporto Internacional de Belo Horizonte,10372,223.47
Pará,Aeroporto de Estocolmo-Arlanda,Aeroporto Internacional de Guarulhos,Aeroporto Internacional de Belém,13349,287.61
Pará,Aeroporto Internacional de Kansai (Osaka),*,Aeroporto Internacional de Belém,16324,351.71
Pará,Aeroporto Internacional de Taiwan Taoyuan,*,Aeroporto Internacional de Belém,17162,369.76
Pará,Aeroporto de Toulouse-Blagnac (França),Aeroporto Internacional de Fortaleza,Aeroporto Internacional de Belém,7734,166.63
Pará,Aeroporto de Helsinque,Aeroporto Internacional de Belo Horizonte,Aeroporto Internacional de Belém,12844,276.73
Pará,Aeroporto de Varsóvia Chopin,Aeroporto Internacional de Guarulhos,Aeroporto Internacional de Belém,13064,281.47
Pará,Aeroporto Internacional de Pequim Capital,*,Aeroporto Internacional de Belém,15463,333.16
Pará,Aeroporto Internacional de Xangai Pudong,*,Aeroporto Internacional de Belém,16557,356.73
Pará,Aeroporto de Schiphol (Amsterdã),*,Aeroporto Internacional de Belém,7742,166.8
Pará,Aeroporto de Barcelona-El Prat (Espanha),*,Aeroporto Internacional de Belém,6945,149.63
Pará,Aeroporto de Frankfurt,*,Aeroporto Internacional de Belém,7851,169.15
Pará,Aeroporto de Roma-Fiumicino,*,Aeroporto Internacional de Belém,7735,166.65
Pará,Aeroporto Internacional de Hong Kong,Aeroporto Internacional de Guarulhos,Aeroporto Internacional de Belém,20467,440.97
Pará,Aeroporto de Praga,Aeroporto Internacional do Rio de Janeiro,Aeroporto Internacional de Belém,12295,264.9
Pará,Aeroporto de Dublin,Aeroporto Internacional do Rio de Janeiro,Aeroporto Internacional de Belém,11604,250.01
Pará,Aeroporto de Heathrow (Londres),*,Aeroporto Internacional de Belém,7391,159.24
Pará,Aeroporto de Milão-Malpensa,*,Aeroporto Internacional de Belém,7644,164.69
Pará,Aeroporto Internacional de Viena,Aeroporto Internacional de Fortaleza,Aeroporto Internacional de Belém,8979,193.46
Pará,Aeroporto Internacional de Narita (Tóquio),*,Aeroporto Internacional de Belém,16090,346.67
Pará,Aeroporto de Zurique,Aeroporto Internacional de Fortaleza,Aeroporto Internacional de Belém,8436,181.76
Pará,Aeroporto de Gatwick (Londres),*,Aeroporto Internacional de Belém,7385,159.11
Pará,Aeroporto Internacional de Haneda (Tóquio),*,Aeroporto Internacional de Belém,16127,347.46
Pará,Aeroporto Adolfo Suárez Madrid-Barajas,*,Aeroporto Internacional de Belém,6494,139.92
Pará,Aeroporto Internacional de Budapeste Ferenc Liszt,Aeroporto Internacional de Guarulhos,Aeroporto Internacional de Belém,12679,273.17
Paraná,Aeroporto Internacional de Xangai Pudong,Aeroporto Internacional de Guarulhos,Aeroporto Internacional de Curitiba,18921,407.66
Paraná,Aeroporto de Istambul,*,Aeroporto Internacional de Curitiba,10874,234.29
Paraná,Aeroporto de Schiphol (Amsterdã),*,Aeroporto Internacional de Curitiba,10061,216.77
Paraná,Aeroporto Internacional Ninoy Aquino,*,Aeroporto Internacional de Curitiba,18446,397.43
Paraná,Aeroporto de Barcelona-El Prat (Espanha),*,Aeroporto Internacional de Curitiba,9066,195.33
Paraná,Aeroporto Internacional de Viena,*,Aeroporto Internacional de Curitiba,10431,224.74
Paraná,Aeroporto de Praga,*,Aeroporto Internacional de Curitiba,10420,224.5
Paraná,Aeroporto Internacional de Incheon,*,Aeroporto Internacional de Curitiba,18590,400.53
Paraná,Aeroporto Internacional de Kuala Lumpur (Sepang),*,Aeroporto Internacional de Curitiba,16031,345.4
Paraná,Aeroporto de Zurique,*,Aeroporto Internacional de Curitiba,9908,213.47
Paraná,Aeroporto de Roma-Fiumicino,*,Aeroporto Internacional de Curitiba,9745,209.96
Paraná,Aeroporto Internacional Don Mueang,*,Aeroporto Internacional de Curitiba,16630,358.3
Paraná,Aeroporto de Varsóvia Chopin,*,Aeroporto Internacional de Curitiba,10938,235.66
Paraná,Aeroporto de Estocolmo-Arlanda,Aeroporto Internacional de Viracopos,Aeroporto Internacional de Curitiba,11206,241.44
Paraná,Aeroporto de Dublin,*,Aeroporto Internacional de Curitiba,9649,207.89
Paraná,Aeroporto Internacional de Suvarnabhumi,*,Aeroporto Internacional de Curitiba,16632,358.34
Paraná,Aeroporto Internacional de Narita (Tóquio),*,Aeroporto Internacional de Curitiba,18532,399.28
Paraná,Aeroporto de Frankfurt,Aeroporto Internacional de Viracopos,Aeroporto Internacional de Curitiba,10093,217.46
Paraná,Aeroporto de Milão-Malpensa,*,Aeroporto Internacional de Curitiba,9788,210.89
Paraná,Aeroporto Internacional de Haneda (Tóquio),*,Aeroporto Internacional de Curitiba,18584,400.4
Paraná,Aeroporto de Toulouse-Blagnac (França),*,Aeroporto Internacional de Curitiba,9209,198.41
Paraná,Aeroporto de Bruxelas,*,Aeroporto Internacional de Curitiba,9940,214.16
Paraná,Aeroporto Internacional de Kansai (Osaka),*,Aeroporto Internacional de Curitiba,18904,407.3
Paraná,Aeroporto Internacional de Hong Kong,*,Aeroporto Internacional de Curitiba,18278,393.81
Paraná,Aeroporto Internacional de Taiwan Taoyuan,*,Aeroporto Internacional de Curitiba,19064,410.74
Paraná,Aeroporto Adolfo Suárez Madrid-Barajas,Aeroporto Internacional de Viracopos,Aeroporto Internacional de Curitiba,8674,186.89
Paraná,Aeroporto Internacional de Penang (Penang),*,Aeroporto Internacional de Curitiba,16089,346.64
Paraná,Aeroporto Internacional de Pyongyang Sunan,*,Aeroporto Internacional de Curitiba,18383,396.07
Paraná,Aeroporto Internacional de Pequim Capital,*,Aeroporto Internacional de Curitiba,17901,385.69
Paraná,Aeroporto Internacional de Budapeste Ferenc Liszt,*,Aeroporto Internacional de Curitiba,10559,227.5
Paraná,Aeroporto de Oslo-Gardermoen,*,Aeroporto Internacional de Curitiba,10927,235.43
Paraná,Aeroporto de Luxemburgo,*,Aeroporto Internacional de Curitiba,9935,214.05
Paraná,Aeroporto Internacional Indira Gandhi,Aeroporto Internacional de Viracopos,Aeroporto Internacional de Curitiba,14795,318.76
Paraná,Aeroporto Internacional de Boryspil (Kiev),*,Aeroporto Internacional de Curitiba,11464,247.0
Paraná,Aeroporto de Heathrow (Londres),*,Aeroporto Internacional de Curitiba,9741,209.87
Paraná,Aeroporto Humberto Delgado (Lisboa),*,Aeroporto Internacional de Curitiba,8223,177.17
Paraná,Aeroporto Francisco Sá Carneiro (Porto),*,Aeroporto Internacional de Curitiba,8465,182.38
Paraná,Aeroporto de Helsinque,Aeroporto Internacional de Viracopos,Aeroporto Internacional de Curitiba,11586,249.63
Paraná,Aeroporto de Gatwick (Londres),*,Aeroporto Internacional de Curitiba,9727,209.57
Rio de Janeiro,Aeroporto de Toulouse-Blagnac (França),*,Aeroporto Internacional do Rio de Janeiro,8654,186.45
Rio de Janeiro,Aeroporto Internacional de Kansai (Osaka),*,Aeroporto Internacional do Rio de Janeiro,18707,403.05
Rio de Janeiro,Aeroporto Internacional de Hong Kong,*,Aeroporto Internacional do Rio de Janeiro,17685,381.03
Rio de Janeiro,Aeroporto de Bruxelas,*,Aeroporto Internacional do Rio de Janeiro,9408,202.7
Rio de Janeiro,Aeroporto Internacional Henri Coand? (Bucareste),*,Aeroporto Internacional do Rio de Janeiro,10250,220.84
Rio de Janeiro,Aeroporto Internacional de Penang (Penang),*,Aeroporto Internacional do Rio de Janeiro,15659,337.38
Rio de Janeiro,Aeroporto Internacional Indira Gandhi,*,Aeroporto Internacional do Rio de Janeiro,14068,303.1
Rio de Janeiro,Aeroporto Internacional de Tan Son Nhat,*,Aeroporto Internacional do Rio de Janeiro,16567,356.94
Rio de Janeiro,Aeroporto Internacional de Pequim Capital,*,Aeroporto Internacional do Rio de Janeiro,17319,373.15
Rio de Janeiro,Aeroporto Internacional de Budapeste Ferenc Liszt,*,Aeroporto Internacional do Rio de Janeiro,9974,214.89
Rio de Janeiro,Aeroporto Internacional de Taiwan Taoyuan,*,Aeroporto Santos Dumont,18426,397.0
Rio de Janeiro,Aeroporto de Schiphol (Amsterdã),*,Aeroporto Internacional do Rio de Janeiro,9535,205.44
Rio de Janeiro,Aeroporto Internacional Ninoy Aquino,*,Aeroporto Internacional do Rio de Janeiro,18131,390.64
Rio de Janeiro,Aeroporto Internacional de Changi,*,Aeroporto Internacional do Rio de Janeiro,15763,339.62
Rio de Janeiro,Aeroporto de Frankfurt,*,Aeroporto Internacional do Rio de Janeiro,9545,205.65
Rio de Janeiro,Aeroporto de Helsinque,*,Aeroporto Internacional do Rio de Janeiro,11059,238.27
Rio de Janeiro,Aeroporto Internacional de Kuala Lumpur (Sepang),*,Aeroporto Internacional do Rio de Janeiro,15643,337.04
Rio de Janeiro,Aeroporto Internacional Don Mueang,*,Aeroporto Internacional do Rio de Janeiro,16097,346.82
Rio de Janeiro,Aeroporto de Praga,*,Aeroporto Internacional do Rio de Janeiro,9858,212.4
Rio de Janeiro,Aeroporto Internacional de Incheon,*,Aeroporto Internacional do Rio de Janeiro,18110,390.19
Rio de Janeiro,Aeroporto de Varsóvia Chopin,*,Aeroporto Internacional do Rio de Janeiro,10372,223.47
Rio de Janeiro,Aeroporto de Dublin,*,Aeroporto Internacional do Rio de Janeiro,9167,197.51
Rio de Janeiro,Aeroporto de Oslo-Gardermoen,*,Aeroporto Internacional do Rio de Janeiro,10427,224.65
Rio de Janeiro,Aeroporto Internacional de Suvarnabhumi,*,Aeroporto Internacional do Rio de Janeiro,16103,346.95
Rio de Janeiro,Aeroporto Internacional de Xangai Pudong,*,Aeroporto Santos Dumont,18277,393.79
Rio de Janeiro,Aeroporto Internacional de Noi Bai,*,Aeroporto Internacional do Rio de Janeiro,16838,362.78
Rio de Janeiro,Aeroporto Internacional de Narita (Tóquio),*,Aeroporto Internacional do Rio de Janeiro,18527,399.17
Rio de Janeiro,Aeroporto de Heathrow (Londres),*,Aeroporto Internacional do Rio de Janeiro,9228,198.82
Rio de Janeiro,Aeroporto de Gatwick (Londres),*,Aeroporto Internacional do Rio de Janeiro,9212,198.48
Rio de Janeiro,Aeroporto Internacional de Haneda (Tóquio),*,Aeroporto Internacional do Rio de Janeiro,18562,399.93
Rio de Janeiro,Aeroporto de Barcelona-El Prat (Espanha),*,Aeroporto Internacional do Rio de Janeiro,8499,183.11
Rio de Janeiro,Aeroporto Adolfo Suárez Madrid-Barajas,*,Aeroporto Internacional do Rio de Janeiro,8123,175.01
Rio de Janeiro,Aeroporto de Sófia,*,Aeroporto Internacional do Rio de Janeiro,9955,214.48
Rio de Janeiro,Aeroporto de Milão-Malpensa,*,Aeroporto Internacional do Rio de Janeiro,9219,198.63
Rio de Janeiro,Aeroporto Humberto Delgado (Lisboa),*,Aeroporto Internacional do Rio de Janeiro,7688,165.64
Rio de Janeiro,Aeroporto Francisco Sá Carneiro (Porto),*,Aeroporto Internacional do Rio de Janeiro,7939,171.05
Rio de Janeiro,Aeroporto Internacional de Viena,*,Aeroporto Internacional do Rio de Janeiro,9855,212.33
Rio de Janeiro,Aeroporto de Roma-Fiumicino,*,Aeroporto Internacional do Rio de Janeiro,9151,197.16
Rio de Janeiro,Aeroporto de Zurique,*,Aeroporto Internacional do Rio de Janeiro,9348,201.41
Rio de Janeiro,Aeroporto de Estocolmo-Arlanda,*,Aeroporto Internacional do Rio de Janeiro,10688,230.28
Rio Grande do Sul,Aeroporto Internacional Ninoy Aquino,*,Aeroporto Internacional de Porto Alegre,18116,390.32
Rio Grande do Sul,Aeroporto de Barcelona-El Prat (Espanha),*,Aeroporto Internacional de Porto Alegre,9605,206.94
Rio Grande do Sul,Aeroporto de Frankfurt,*,Aeroporto Internacional de Porto Alegre,10640,229.24
Rio Grande do Sul,Aeroporto Internacional de Changi,*,Aeroporto Internacional de Porto Alegre,15900,342.57
Rio Grande do Sul,Aeroporto Francisco Sá Carneiro (Porto),*,Aeroporto Internacional de Porto Alegre,9017,194.28
Rio Grande do Sul,Aeroporto Internacional de Viena,*,Aeroporto Internacional de Porto Alegre,10966,236.27
Rio Grande do Sul,Aeroporto de Helsinque,*,Aeroporto Internacional de Porto Alegre,12140,261.56
Rio Grande do Sul,Aeroporto Internacional Don Mueang,*,Aeroporto Internacional de Porto Alegre,16624,358.17
Rio Grande do Sul,Aeroporto de Praga,*,Aeroporto Internacional de Porto Alegre,10961,236.16
Rio Grande do Sul,Aeroporto Internacional de Incheon,*,Aeroporto Internacional de Porto Alegre,19148,412.55
Rio Grande do Sul,Aeroporto de Roma-Fiumicino,*,Aeroporto Internacional de Porto Alegre,10269,221.25
Rio Grande do Sul,Aeroporto de Varsóvia Chopin,*,Aeroporto Internacional de Porto Alegre,11478,247.3
Rio Grande do Sul,Aeroporto de Dublin,*,Aeroporto Internacional de Porto Alegre,10209,219.96
Rio Grande do Sul,Aeroporto Internacional de Suvarnabhumi,*,Aeroporto Internacional de Porto Alegre,16622,358.13
Rio Grande do Sul,Aeroporto Internacional de Narita (Tóquio),*,Aeroporto Internacional de Porto Alegre,18766,404.32
Rio Grande do Sul,Aeroporto de Milão-Malpensa,*,Aeroporto Internacional de Porto Alegre,10326,222.48
Rio Grande do Sul,Aeroporto de Heathrow (Londres),*,Aeroporto Internacional de Porto Alegre,10297,221.85
Rio Grande do Sul,Aeroporto de Gatwick (Londres),*,Aeroporto Internacional de Porto Alegre,10282,221.53
Rio Grande do Sul,Aeroporto Internacional de Haneda (Tóquio),*,Aeroporto Internacional de Porto Alegre,18825,405.59
Rio Grande do Sul,Aeroporto Adolfo Suárez Madrid-Barajas,*,Aeroporto Internacional de Porto Alegre,9219,198.63
Rio Grande do Sul,Aeroporto de Toulouse-Blagnac (França),*,Aeroporto Internacional de Porto Alegre,9753,210.13
Rio Grande do Sul,Aeroporto Humberto Delgado (Lisboa),Aeroporto Internacional de Guarulhos,Aeroporto Internacional de Porto Alegre,8773,189.02
Rio Grande do Sul,Aeroporto de Bratislava,Aeroporto Internacional de Guarulhos,Aeroporto Internacional de Porto Alegre,11013,237.28
Rio Grande do Sul,Aeroporto Internacional de Kansai (Osaka),*,Aeroporto Internacional de Porto Alegre,19239,414.51
Rio Grande do Sul,Aeroporto Internacional de Taiwan Taoyuan,*,Aeroporto Internacional de Porto Alegre,19093,411.37
Rio Grande do Sul,Aeroporto Internacional de Hong Kong,Aeroporto Internacional de Guarulhos,Aeroporto Internacional de Porto Alegre,18882,406.82
Rio Grande do Sul,Aeroporto Internacional Henri Coand? (Bucareste),Aeroporto Internacional de Guarulhos,Aeroporto Internacional de Porto Alegre,11389,245.38
Rio Grande do Sul,Aeroporto Internacional de Pequim Capital,*,Aeroporto Internacional de Porto Alegre,18438,397.26
Rio Grande do Sul,Aeroporto Internacional de Budapeste Ferenc Liszt,*,Aeroporto Internacional de Porto Alegre,11089,238.92
Rio Grande do Sul,Aeroporto Internacional de Xangai Pudong,*,Aeroporto Internacional de Porto Alegre,19342,416.73
Rio Grande do Sul,Aeroporto de Schiphol (Amsterdã),*,Aeroporto Internacional de Porto Alegre,10614,228.68
Rio Grande do Sul,Aeroporto Internacional Soekarno-Hatta (Jacarta),*,Aeroporto Internacional de Porto Alegre,15366,331.07
Rio Grande do Sul,Aeroporto de Bruxelas,*,Aeroporto Internacional de Porto Alegre,10492,226.05
Rio Grande do Sul,Aeroporto Internacional Indira Gandhi,*,Aeroporto Internacional de Porto Alegre,15043,324.11
Rio Grande do Sul,Aeroporto de Estocolmo-Arlanda,*,Aeroporto Internacional de Porto Alegre,11761,253.4
Rio Grande do Sul,Aeroporto Internacional Ngurah Rai (Bali),*,Aeroporto Internacional de Porto Alegre,15478,333.48
Rio Grande do Sul,Aeroporto Internacional de Kuala Lumpur (Sepang),*,Aeroporto Internacional de Porto Alegre,15861,341.73
Rio Grande do Sul,Aeroporto de Zurique,*,Aeroporto Internacional de Porto Alegre,10450,225.15
Rio Grande do Sul,Aeroporto Internacional de Penang (Penang),*,Aeroporto Internacional de Porto Alegre,15965,343.97
Santa Catarina,Aeroporto de Dublin,*,Aeroporto Internacional de Navegantes,9797,211.08
Santa Catarina,Aeroporto de Oslo-Gardermoen,*,Aeroporto Internacional de Navegantes,11070,238.51
Santa Catarina,Aeroporto de Estocolmo-Arlanda,Aeroporto Internacional de Guarulhos,Aeroporto Internacional de Navegantes,11344,244.41
Santa Catarina,Aeroporto de Schiphol (Amsterdã),Aeroporto Internacional de Guarulhos,Aeroporto Internacional de Navegantes,10195,219.66
Santa Catarina,Aeroporto de Milão-Malpensa,*,Aeroporto Internacional de Navegantes,9906,213.43
Santa Catarina,Aeroporto Internacional de Taiwan Taoyuan,*,Aeroporto Internacional de Florianópolis,18969,408.7
Santa Catarina,Aeroporto Adolfo Suárez Madrid-Barajas,*,Aeroporto Internacional de Navegantes,8799,189.58
Santa Catarina,Aeroporto de Helsinque,Aeroporto Internacional de Guarulhos,Aeroporto Internacional de Navegantes,11721,252.53
Santa Catarina,Aeroporto de Toulouse-Blagnac (França),*,Aeroporto Internacional de Navegantes,9332,201.06
Santa Catarina,Aeroporto Internacional Indira Gandhi,*,Aeroporto Internacional de Florianópolis,14736,317.49
Santa Catarina,Aeroporto Internacional de Pyongyang Sunan,*,Aeroporto Internacional de Florianópolis,18618,401.13
Santa Catarina,Aeroporto Internacional de Narita (Tóquio),Aeroporto Internacional de Curitiba,Aeroporto Internacional de Navegantes,18723,403.4
Santa Catarina,Aeroporto Internacional de Haneda (Tóquio),Aeroporto Internacional de Curitiba,Aeroporto Internacional de Navegantes,18775,404.52
Santa Catarina,Aeroporto de Heathrow (Londres),Aeroporto Internacional de Guarulhos,Aeroporto Internacional de Navegantes,9880,212.87
Santa Catarina,Aeroporto de Gatwick (Londres),Aeroporto Internacional de Guarulhos,Aeroporto Internacional de Navegantes,9865,212.55
Santa Catarina,Aeroporto Internacional de Pequim Capital,*,Aeroporto Internacional de Navegantes,18018,388.21
Santa Catarina,Aeroporto Internacional de Kansai (Osaka),Aeroporto Internacional de Curitiba,Aeroporto Internacional de Navegantes,19095,411.41
Santa Catarina,Aeroporto Internacional de Changi,*,Aeroporto Internacional de Florianópolis,15891,342.38
Santa Catarina,Aeroporto Internacional de Xangai Pudong,*,Aeroporto Internacional de Navegantes,18984,409.02
Santa Catarina,Aeroporto de Bruxelas,Aeroporto Internacional de Guarulhos,Aeroporto Internacional de Navegantes,10072,217.01
Santa Catarina,Aeroporto Internacional de Kuala Lumpur (Sepang),*,Aeroporto Internacional de Florianópolis,15825,340.96
Santa Catarina,Aeroporto de Varsóvia Chopin,*,Aeroporto Internacional de Navegantes,11057,238.23
Santa Catarina,Aeroporto de Barcelona-El Prat (Espanha),*,Aeroporto Internacional de Navegantes,9184,197.87
Santa Catarina,Aeroporto de Frankfurt,*,Aeroporto Internacional de Navegantes,10220,220.19
Santa Catarina,Aeroporto de Roma-Fiumicino,*,Aeroporto Internacional de Navegantes,9850,212.22
Santa Catarina,Aeroporto Internacional de Viena,*,Aeroporto Internacional de Navegantes,10546,227.22
Santa Catarina,Aeroporto de Praga,*,Aeroporto Internacional de Navegantes,10540,227.09
Santa Catarina,Aeroporto Internacional de Incheon,*,Aeroporto Internacional de Navegantes,18750,403.98
Santa Catarina,Aeroporto de Zurique,*,Aeroporto Internacional de Navegantes,10030,216.1
Santa Catarina,Aeroporto Internacional de Budapeste Ferenc Liszt,Aeroporto Internacional de Guarulhos,Aeroporto Internacional de Navegantes,10674,229.98
Santa Catarina,Aeroporto Humberto Delgado (Lisboa),Aeroporto Internacional de Guarulhos,Aeroporto Internacional de Navegantes,8353,179.97
Santa Catarina,Aeroporto Francisco Sá Carneiro (Porto),Aeroporto Internacional de Guarulhos,Aeroporto Internacional de Navegantes,8598,185.25
Santa Catarina,Aeroporto de Luxemburgo,Aeroporto Internacional de Curitiba,Aeroporto Internacional de Navegantes,10126,218.17
Santa Catarina,Aeroporto Internacional de Penang (Penang),*,Aeroporto Internacional de Florianópolis,15899,342.55
Santa Catarina,Aeroporto de Ljubljana Joe Pu?nik,Aeroporto Internacional de Guarulhos,Aeroporto Internacional de Navegantes,10297,221.85
Santa Catarina,Aeroporto Internacional de Suvarnabhumi,*,Aeroporto Internacional de Florianópolis,16488,355.24
Santa Catarina,Aeroporto Internacional de Hong Kong,*,Aeroporto Internacional de Navegantes,18195,392.02
Santa Catarina,Aeroporto Internacional Don Mueang,*,Aeroporto Internacional de Florianópolis,16488,355.24
Santa Catarina,Aeroporto Internacional Henri Coand? (Bucareste),Aeroporto Internacional de Guarulhos,Aeroporto Internacional de Navegantes,10969,236.33
São Paulo,Aeroporto Adolfo Suárez Madrid-Barajas,Aeroporto Internacional de Salvador,Aeroporto Internacional de Guarulhos,8363,180.18
São Paulo,Aeroporto de Schiphol (Amsterdã),*,Aeroporto Internacional de Guarulhos,9751,210.09
São Paulo,Aeroporto Internacional de Taiwan Taoyuan,Aeroporto Internacional do Rio de Janeiro,Aeroporto Internacional de Guarulhos,18769,404.39
São Paulo,Aeroporto de Praga,Aeroporto Internacional de Belo Horizonte,Aeroporto Internacional de Guarulhos,10099,217.59
São Paulo,Aeroporto Internacional de Incheon,Aeroporto Internacional de Belo Horizonte,Aeroporto Internacional de Guarulhos,18331,394.95
São Paulo,Aeroporto Internacional de Changi,*,Aeroporto Internacional de Guarulhos,16009,344.92
São Paulo,Aeroporto Internacional de Kuala Lumpur (Sepang),*,Aeroporto Internacional de Guarulhos,15905,342.68
São Paulo,Aeroporto de Roma-Fiumicino,*,Aeroporto Internacional de Guarulhos,9414,202.83
São Paulo,Aeroporto de Zurique,*,Aeroporto Internacional de Guarulhos,9587,206.56
São Paulo,Aeroporto de Dublin,Aeroporto Internacional de Belo Horizonte,Aeroporto Internacional de Guarulhos,9376,202.01
São Paulo,Aeroporto de Oslo-Gardermoen,Aeroporto Internacional de Belo Horizonte,Aeroporto Internacional de Guarulhos,10643,229.31
São Paulo,Aeroporto de Heathrow (Londres),Aeroporto Internacional de Belo Horizonte,Aeroporto Internacional de Guarulhos,9448,203.56
São Paulo,Aeroporto de Milão-Malpensa,*,Aeroporto Internacional de Guarulhos,9464,203.91
São Paulo,Aeroporto de Gatwick (Londres),Aeroporto Internacional de Belo Horizonte,Aeroporto Internacional de Guarulhos,9432,203.22
São Paulo,Aeroporto de Toulouse-Blagnac (França),Aeroporto Internacional de Belo Horizonte,Aeroporto Internacional de Guarulhos,8892,191.58
São Paulo,Aeroporto Internacional Ngurah Rai (Bali),*,Aeroporto Internacional de Guarulhos,15929,343.2
São Paulo,Aeroporto Internacional de Viena,Aeroporto Internacional do Recife,Aeroporto Internacional de Guarulhos,10105,217.72
São Paulo,Aeroporto de Barcelona-El Prat (Espanha),Aeroporto Internacional de Salvador,Aeroporto Internacional de Guarulhos,8744,188.39
São Paulo,Aeroporto Internacional de Narita (Tóquio),*,Aeroporto Internacional de Viracopos,18403,396.5
São Paulo,Aeroporto Internacional Don Mueang,Aeroporto Internacional do Rio de Janeiro,Aeroporto Internacional de Guarulhos,16435,354.1
São Paulo,Aeroporto de Bruxelas,*,Aeroporto Internacional de Guarulhos,9628,207.44
São Paulo,Aeroporto Internacional de Xangai Pudong,*,Aeroporto Internacional de São José dos Campos,18519,399.0
São Paulo,Aeroporto Internacional de Haneda (Tóquio),*,Aeroporto Internacional de Viracopos,18451,397.54
São Paulo,Aeroporto Internacional de Suvarnabhumi,Aeroporto Internacional do Rio de Janeiro,Aeroporto Internacional de Guarulhos,16441,354.23
São Paulo,Aeroporto de Frankfurt,*,Aeroporto Internacional de São José dos Campos,9722,209.46
São Paulo,Aeroporto Internacional Soekarno-Hatta (Jacarta),*,Aeroporto Internacional de Guarulhos,15633,336.82
São Paulo,Aeroporto Internacional Indira Gandhi,*,Aeroporto Internacional de Guarulhos,14403,310.32
São Paulo,Aeroporto Internacional de Penang (Penang),*,Aeroporto Internacional de Guarulhos,15937,343.37
São Paulo,Aeroporto Internacional de Kansai (Osaka),*,Aeroporto Internacional de Viracopos,18722,403.37
São Paulo,Aeroporto Internacional de Pequim Capital,Aeroporto Internacional de Belo Horizonte,Aeroporto Internacional de Guarulhos,17578,378.73
São Paulo,Aeroporto de Estocolmo-Arlanda,*,Aeroporto Internacional de Guarulhos,10900,234.85
São Paulo,Aeroporto Internacional de Tan Son Nhat,*,Aeroporto Internacional de Viracopos,16999,366.25
São Paulo,Aeroporto Internacional Ninoy Aquino,*,Aeroporto Internacional de Guarulhos,18378,395.96
São Paulo,Aeroporto Internacional de Riga,*,Aeroporto Internacional de Guarulhos,11049,238.06
São Paulo,Aeroporto de Varsóvia Chopin,Aeroporto Internacional de Belo Horizonte,Aeroporto Internacional de Guarulhos,10616,228.73
São Paulo,Aeroporto de Helsinque,*,Aeroporto Internacional de Guarulhos,11277,242.97
São Paulo,Aeroporto Internacional Sheremetyevo (Moscou),*,Aeroporto Internacional de Guarulhos,11767,253.53
São Paulo,Aeroporto Francisco Sá Carneiro (Porto),*,Aeroporto Internacional de Guarulhos,8154,175.68
São Paulo,Aeroporto Internacional de Malta,*,Aeroporto Internacional de Guarulhos,9174,197.66
São Paulo,Aeroporto Internacional de Wattay (Vientiane),*,Aeroporto Internacional de Viracopos,16903,364.18
São Paulo,Aeroporto Internacional Madre Teresa (Tirana),*,Aeroporto Internacional de Guarulhos,9899,213.28
São Paulo,Aeroporto de Tallinn,*,Aeroporto Internacional de Viracopos,11271,242.84
São Paulo,Aeroporto Internacional de Malé,*,Aeroporto Internacional de Viracopos,13405,288.82
São Paulo,Aeroporto Humberto Delgado (Lisboa),*,Aeroporto Internacional de Guarulhos,7909,170.4
São Paulo,Aeroporto de Bratislava,*,Aeroporto Internacional de Guarulhos,10149,218.66
São Paulo,Aeroporto de Toulouse-Blagnac (França),Aeroporto Internacional de Belo Horizonte,Aeroporto Internacional de Guarulhos,8892,191.58
São Paulo,Aeroporto Internacional de Nursultan Nazarbayev,*,Aeroporto Internacional de Guarulhos,13941,300.37
São Paulo,Aeroporto de Ljubljana Joe Pu?nik,*,Aeroporto Internacional de Guarulhos,9853,212.29
São Paulo,Aeroporto Internacional de Boryspil (Kiev),*,Aeroporto Internacional de Viracopos,11205,241.42
São Paulo,Aeroporto Internacional de Noi Bai,*,Aeroporto Internacional de Viracopos,17315,373.06
São Paulo,Aeroporto de Barcelona-El Prat (Espanha),Aeroporto Internacional de Salvador,Aeroporto Internacional de Guarulhos,8744,188.39
São Paulo,Aeroporto Internacional de Hong Kong,*,Aeroporto Internacional de Guarulhos,18018,388.21
São Paulo,Aeroporto Internacional Henri Coand? (Bucareste),*,Aeroporto Internacional de Guarulhos,10525,226.77
São Paulo,Aeroporto de Pulkovo (São Petersburgo),*,Aeroporto Internacional de Guarulhos,11520,248.2
São Paulo,Aeroporto de Luxemburgo,*,Aeroporto Internacional de Guarulhos,9619,207.25
São Paulo,Aeroporto Internacional de Budapeste Ferenc Liszt,Aeroporto Internacional de Belo Horizonte,Aeroporto Internacional de Guarulhos,10230,220.41
São Paulo,Aeroporto de Sófia,*,Aeroporto Internacional de Guarulhos,10232,220.45
São Paulo,Aeroporto Internacional de Pyongyang Sunan,*,Aeroporto Internacional de Guarulhos,18106,390.1
Sergipe,Aeroporto Internacional de Kuala Lumpur (Sepang),Aeroporto Internacional de Salvador,Aeroporto Internacional de Aracaju,15750,339.34
Sergipe,Aeroporto Internacional de Suvarnabhumi,Aeroporto Internacional do Rio de Janeiro,Aeroporto Internacional de Aracaju,17571,378.58
Sergipe,Aeroporto Internacional de Penang (Penang),Aeroporto Internacional de Salvador,Aeroporto Internacional de Aracaju,15671,337.64
Sergipe,Aeroporto Internacional de Narita (Tóquio),*,Aeroporto Internacional de Aracaju,17243,371.51
Sergipe,Aeroporto Internacional de Kansai (Osaka),*,Aeroporto Internacional de Aracaju,17290,372.52
Sergipe,Aeroporto de Frankfurt,Aeroporto Internacional de Salvador,Aeroporto Internacional de Aracaju,8593,185.14
Sergipe,Aeroporto Internacional de Haneda (Tóquio),*,Aeroporto Internacional de Aracaju,17260,371.87
Sergipe,Aeroporto Internacional Don Mueang,Aeroporto Internacional do Rio de Janeiro,Aeroporto Internacional de Aracaju,17565,378.45
Sergipe,Aeroporto Internacional de Budapeste Ferenc Liszt,Aeroporto Internacional de Salvador,Aeroporto Internacional de Aracaju,9040,194.77
